user,created_at_profile
vit1251,2009-07-31T06:42:50Z
bodewig,2012-01-10T14:10:45Z
rednoah,2012-03-30T02:14:03Z
mguessan,2017-03-27T21:58:11Z
asf-ci,2018-06-18T17:44:28Z
jaikiran,2009-10-23T06:39:01Z
twogee,2013-02-03T16:09:05Z
mseele,2015-10-15T12:30:37Z
euske,2009-10-24T08:09:44Z
janmaterne,2011-08-12T07:12:48Z
hassan-c,2010-07-29T23:02:33Z
slobokot,2014-09-22T18:38:32Z
ebourg,2009-02-13T16:54:51Z
mguillem,2010-01-28T09:35:15Z
majkelBB,2018-05-24T11:52:47Z
adamretter,2011-12-14T21:23:09Z
TonyGravagno,2010-11-27T22:54:49Z
vbauer,2011-01-22T13:46:53Z
simon04,2011-05-11T21:01:16Z
don-vip,2011-02-02T14:36:29Z